DATAFLOW,REF_AREA,MEASURE,UNIT_MEASURE,AGE,SEX,EDUCATION_LEV,DOMAIN,TIME_PERIOD,OBS_VALUE,OBS_STATUS,UNIT_MULT,DECIMALS,BASE_PER
OECD.WISE.WDP:DSD_HSL@DF_HSL_CWB(1.1),AUS,2_2,PT_WG_SAL_M_D,_T,_T,_T,HSL_2,2010,14.04293381,A,0,2,_Z
OECD.WISE.WDP:DSD_HSL@DF_HSL_CWB(1.1),AUS,2_2,PT_WG_SAL_M_D,_T,_T,_T,HSL_2,2011,15.96638656,A,0,2,_Z
OECD.WISE.WDP:DSD_HSL@DF_HSL_CWB(1.1),AUS,2_2,PT_WG_SAL_M_D,_T,_T,_T,HSL_2,2012,13.75,A,0,2,_Z
OECD.WISE.WDP:DSD_HSL@DF_HSL_CWB(1.1),AUS,2_2,PT_WG_SAL_M_D,_T,_T,_T,HSL_2,2013,18,A,0,2,_Z
OECD.WISE.WDP:DSD_HSL@DF_HSL_CWB(1.1),AUS,2_2,PT_WG_SAL_M_D,_T,_T,_T,HSL_2,2014,15.77335375,A,0,2,_Z
OECD.WISE.WDP:DSD_HSL@DF_HSL_CWB(1.1),AUS,2_2,PT_WG_SAL_M_D,_T,_T,_T,HSL_2,2015,13.30769231,A,0,2,_Z
OECD.WISE.WDP:DSD_HSL@DF_HSL_CWB(1.1),AUS,2_2,PT_WG_SAL_M_D,_T,_T,_T,HSL_2,2016,13.72843211,A,0,2,_Z
OECD.WISE.WDP:DSD_HSL@DF_HSL_CWB(1.1),AUS,2_2,PT_WG_SAL_M_D,_T,_T,_T,HSL_2,2017,13.00094822,A,0,2,_Z
OECD.WISE.WDP:DSD_HSL@DF_HSL_CWB(1.1),AUS,2_2,PT_WG_SAL_M_D,_T,_T,_T,HSL_2,2018,13.44856744,A,0,2,_Z
OECD.WISE.WDP:DSD_HSL@DF_HSL_CWB(1.1),AUS,2_2,PT_WG_SAL_M_D,_T,_T,_T,HSL_2,2019,15.31165312,A,0,2,_Z
OECD.WISE.WDP:DSD_HSL@DF_HSL_CWB(1.1),AUS,2_2,PT_WG_SAL_M_D,_T,_T,_T,HSL_2,2020,10.53333333,A,0,2,_Z
OECD.WISE.WDP:DSD_HSL@DF_HSL_CWB(1.1),AUS,2_2,PT_WG_SAL_M_D,_T,_T,_T,HSL_2,2021,10.47024531,A,0,2,_Z
OECD.WISE.WDP:DSD_HSL@DF_HSL_CWB(1.1),AUS,2_2,PT_WG_SAL_M_D,_T,_T,_T,HSL_2,2022,9.875,A,0,2,_Z
OECD.WISE.WDP:DSD_HSL@DF_HSL_CWB(1.1),AUS,2_2,PT_WG_SAL_M_D,_T,_T,_T,HSL_2,2023,11.34751773,A,0,2,_Z
OECD.WISE.WDP:DSD_HSL@DF_HSL_CWB(1.1),AUS,2_2,PT_WG_SAL_M_D,_T,_T,_T,HSL_2,2024,10.67121297,A,0,2,_Z
OECD.WISE.WDP:DSD_HSL@DF_HSL_CWB(1.1),AUT,2_2,PT_WG_SAL_M_D,_T,_T,_T,HSL_2,2010,19.18886268,A,0,2,_Z
OECD.WISE.WDP:DSD_HSL@DF_HSL_CWB(1.1),AUT,2_2,PT_WG_SAL_M_D,_T,_T,_T,HSL_2,2011,18.55055412,A,0,2,_Z
OECD.WISE.WDP:DSD_HSL@DF_HSL_CWB(1.1),AUT,2_2,PT_WG_SAL_M_D,_T,_T,_T,HSL_2,2012,18.18505684,A,0,2,_Z
OECD.WISE.WDP:DSD_HSL@DF_HSL_CWB(1.1),AUT,2_2,PT_WG_SAL_M_D,_T,_T,_T,HSL_2,2013,18.05321141,A,0,2,_Z
OECD.WISE.WDP:DSD_HSL@DF_HSL_CWB(1.1),AUT,2_2,PT_WG_SAL_M_D,_T,_T,_T,HSL_2,2014,17.72888425,A,0,2,_Z
OECD.WISE.WDP:DSD_HSL@DF_HSL_CWB(1.1),AUT,2_2,PT_WG_SAL_M_D,_T,_T,_T,HSL_2,2015,17.04325299,A,0,2,_Z
OECD.WISE.WDP:DSD_HSL@DF_HSL_CWB(1.1),AUT,2_2,PT_WG_SAL_M_D,_T,_T,_T,HSL_2,2016,15.67089964,A,0,2,_Z
OECD.WISE.WDP:DSD_HSL@DF_HSL_CWB(1.1),AUT,2_2,PT_WG_SAL_M_D,_T,_T,_T,HSL_2,2017,15.38215397,A,0,2,_Z
OECD.WISE.WDP:DSD_HSL@DF_HSL_CWB(1.1),AUT,2_2,PT_WG_SAL_M_D,_T,_T,_T,HSL_2,2018,14.87669089,A,0,2,_Z
OECD.WISE.WDP:DSD_HSL@DF_HSL_CWB(1.1),AUT,2_2,PT_WG_SAL_M_D,_T,_T,_T,HSL_2,2019,14.01174081,A,0,2,_Z
OECD.WISE.WDP:DSD_HSL@DF_HSL_CWB(1.1),AUT,2_2,PT_WG_SAL_M_D,_T,_T,_T,HSL_2,2020,12.38153967,A,0,2,_Z
OECD.WISE.WDP:DSD_HSL@DF_HSL_CWB(1.1),AUT,2_2,PT_WG_SAL_M_D,_T,_T,_T,HSL_2,2021,12.15720849,A,0,2,_Z
OECD.WISE.WDP:DSD_HSL@DF_HSL_CWB(1.1),AUT,2_2,PT_WG_SAL_M_D,_T,_T,_T,HSL_2,2022,12.14369704,A,0,2,_Z
OECD.WISE.WDP:DSD_HSL@DF_HSL_CWB(1.1),AUT,2_2,PT_WG_SAL_M_D,_T,_T,_T,HSL_2,2023,11.95571028,A,0,2,_Z
OECD.WISE.WDP:DSD_HSL@DF_HSL_CWB(1.1),BEL,2_2,PT_WG_SAL_M_D,_T,_T,_T,HSL_2,2010,7.04379562,A,0,2,_Z
OECD.WISE.WDP:DSD_HSL@DF_HSL_CWB(1.1),BEL,2_2,PT_WG_SAL_M_D,_T,_T,_T,HSL_2,2011,5.838108883,A,0,2,_Z
OECD.WISE.WDP:DSD_HSL@DF_HSL_CWB(1.1),BEL,2_2,PT_WG_SAL_M_D,_T,_T,_T,HSL_2,2012,6.411149826,A,0,2,_Z
OECD.WISE.WDP:DSD_HSL@DF_HSL_CWB(1.1),BEL,2_2,PT_WG_SAL_M_D,_T,_T,_T,HSL_2,2013,5.912863071,A,0,2,_Z
OECD.WISE.WDP:DSD_HSL@DF_HSL_CWB(1.1),BEL,2_2,PT_WG_SAL_M_D,_T,_T,_T,HSL_2,2014,3.298900367,A,0,2,_Z
OECD.WISE.WDP:DSD_HSL@DF_HSL_CWB(1.1),BEL,2_2,PT_WG_SAL_M_D,_T,_T,_T,HSL_2,2015,4.672,A,0,2,_Z
OECD.WISE.WDP:DSD_HSL@DF_HSL_CWB(1.1),BEL,2_2,PT_WG_SAL_M_D,_T,_T,_T,HSL_2,2016,3.701298701,A,0,2,_Z
OECD.WISE.WDP:DSD_HSL@DF_HSL_CWB(1.1),BEL,2_2,PT_WG_SAL_M_D,_T,_T,_T,HSL_2,2017,4.190296156,A,0,2,_Z
OECD.WISE.WDP:DSD_HSL@DF_HSL_CWB(1.1),BEL,2_2,PT_WG_SAL_M_D,_T,_T,_T,HSL_2,2018,3.408756979,A,0,2,_Z
OECD.WISE.WDP:DSD_HSL@DF_HSL_CWB(1.1),BEL,2_2,PT_WG_SAL_M_D,_T,_T,_T,HSL_2,2019,3.798185941,A,0,2,_Z
OECD.WISE.WDP:DSD_HSL@DF_HSL_CWB(1.1),BEL,2_2,PT_WG_SAL_M_D,_T,_T,_T,HSL_2,2020,1.173184358,A,0,2,_Z
OECD.WISE.WDP:DSD_HSL@DF_HSL_CWB(1.1),BEL,2_2,PT_WG_SAL_M_D,_T,_T,_T,HSL_2,2021,0.113960114,A,0,2,_Z
OECD.WISE.WDP:DSD_HSL@DF_HSL_CWB(1.1),BEL,2_2,PT_WG_SAL_M_D,_T,_T,_T,HSL_2,2022,0.906908509,A,0,2,_Z
OECD.WISE.WDP:DSD_HSL@DF_HSL_CWB(1.1),CAN,2_2,PT_WG_SAL_M_D,_T,_T,_T,HSL_2,2010,20.16806723,A,0,2,_Z
OECD.WISE.WDP:DSD_HSL@DF_HSL_CWB(1.1),CAN,2_2,PT_WG_SAL_M_D,_T,_T,_T,HSL_2,2011,19.875,A,0,2,_Z
OECD.WISE.WDP:DSD_HSL@DF_HSL_CWB(1.1),CAN,2_2,PT_WG_SAL_M_D,_T,_T,_T,HSL_2,2012,20.15966047,A,0,2,_Z
OECD.WISE.WDP:DSD_HSL@DF_HSL_CWB(1.1),CAN,2_2,PT_WG_SAL_M_D,_T,_T,_T,HSL_2,2013,20,A,0,2,_Z
OECD.WISE.WDP:DSD_HSL@DF_HSL_CWB(1.1),CAN,2_2,PT_WG_SAL_M_D,_T,_T,_T,HSL_2,2014,17.58241758,A,0,2,_Z
OECD.WISE.WDP:DSD_HSL@DF_HSL_CWB(1.1),CAN,2_2,PT_WG_SAL_M_D,_T,_T,_T,HSL_2,2015,18.65384615,A,0,2,_Z
OECD.WISE.WDP:DSD_HSL@DF_HSL_CWB(1.1),CAN,2_2,PT_WG_SAL_M_D,_T,_T,_T,HSL_2,2016,18.19213313,A,0,2,_Z
OECD.WISE.WDP:DSD_HSL@DF_HSL_CWB(1.1),CAN,2_2,PT_WG_SAL_M_D,_T,_T,_T,HSL_2,2017,18.75580316,A,0,2,_Z
OECD.WISE.WDP:DSD_HSL@DF_HSL_CWB(1.1),CAN,2_2,PT_WG_SAL_M_D,_T,_T,_T,HSL_2,2018,18.44322344,A,0,2,_Z
OECD.WISE.WDP:DSD_HSL@DF_HSL_CWB(1.1),CAN,2_2,PT_WG_SAL_M_D,_T,_T,_T,HSL_2,2019,18.64645753,A,0,2,_Z
OECD.WISE.WDP:DSD_HSL@DF_HSL_CWB(1.1),CAN,2_2,PT_WG_SAL_M_D,_T,_T,_T,HSL_2,2020,17.57290529,A,0,2,_Z
OECD.WISE.WDP:DSD_HSL@DF_HSL_CWB(1.1),CAN,2_2,PT_WG_SAL_M_D,_T,_T,_T,HSL_2,2021,16.66666667,A,0,2,_Z
OECD.WISE.WDP:DSD_HSL@DF_HSL_CWB(1.1),CAN,2_2,PT_WG_SAL_M_D,_T,_T,_T,HSL_2,2022,17.14285714,A,0,2,_Z
OECD.WISE.WDP:DSD_HSL@DF_HSL_CWB(1.1),CAN,2_2,PT_WG_SAL_M_D,_T,_T,_T,HSL_2,2023,16.13636364,A,0,2,_Z
OECD.WISE.WDP:DSD_HSL@DF_HSL_CWB(1.1),CAN,2_2,PT_WG_SAL_M_D,_T,_T,_T,HSL_2,2024,16.49782923,A,0,2,_Z
OECD.WISE.WDP:DSD_HSL@DF_HSL_CWB(1.1),CHL,2_2,PT_WG_SAL_M_D,_T,_T,_T,HSL_2,2011,16,A,0,2,_Z
OECD.WISE.WDP:DSD_HSL@DF_HSL_CWB(1.1),CHL,2_2,PT_WG_SAL_M_D,_T,_T,_T,HSL_2,2013,10.66666667,A,0,2,_Z
OECD.WISE.WDP:DSD_HSL@DF_HSL_CWB(1.1),CHL,2_2,PT_WG_SAL_M_D,_T,_T,_T,HSL_2,2015,14.28571429,A,0,2,_Z
OECD.WISE.WDP:DSD_HSL@DF_HSL_CWB(1.1),CHL,2_2,PT_WG_SAL_M_D,_T,_T,_T,HSL_2,2017,12.5,A,0,2,_Z
OECD.WISE.WDP:DSD_HSL@DF_HSL_CWB(1.1),CHL,2_2,PT_WG_SAL_M_D,_T,_T,_T,HSL_2,2020,8.596458333,A,0,2,_Z
OECD.WISE.WDP:DSD_HSL@DF_HSL_CWB(1.1),CHL,2_2,PT_WG_SAL_M_D,_T,_T,_T,HSL_2,2021,10.91889176,A,0,2,_Z
OECD.WISE.WDP:DSD_HSL@DF_HSL_CWB(1.1),CHL,2_2,PT_WG_SAL_M_D,_T,_T,_T,HSL_2,2022,15.36705037,A,0,2,_Z
OECD.WISE.WDP:DSD_HSL@DF_HSL_CWB(1.1),CHL,2_2,PT_WG_SAL_M_D,_T,_T,_T,HSL_2,2023,13.5932483,A,0,2,_Z
OECD.WISE.WDP:DSD_HSL@DF_HSL_CWB(1.1),COL,2_2,PT_WG_SAL_M_D,_T,_T,_T,HSL_2,2010,12.66149871,A,0,2,_Z
OECD.WISE.WDP:DSD_HSL@DF_HSL_CWB(1.1),COL,2_2,PT_WG_SAL_M_D,_T,_T,_T,HSL_2,2011,12.63780488,A,0,2,_Z
OECD.WISE.WDP:DSD_HSL@DF_HSL_CWB(1.1),COL,2_2,PT_WG_SAL_M_D,_T,_T,_T,HSL_2,2012,14.49768519,A,0,2,_Z
OECD.WISE.WDP:DSD_HSL@DF_HSL_CWB(1.1),COL,2_2,PT_WG_SAL_M_D,_T,_T,_T,HSL_2,2013,13.59255567,A,0,2,_Z
OECD.WISE.WDP:DSD_HSL@DF_HSL_CWB(1.1),COL,2_2,PT_WG_SAL_M_D,_T,_T,_T,HSL_2,2014,14.77266667,A,0,2,_Z
OECD.WISE.WDP:DSD_HSL@DF_HSL_CWB(1.1),COL,2_2,PT_WG_SAL_M_D,_T,_T,_T,HSL_2,2015,14.24535916,A,0,2,_Z
OECD.WISE.WDP:DSD_HSL@DF_HSL_CWB(1.1),COL,2_2,PT_WG_SAL_M_D,_T,_T,_T,HSL_2,2016,12.75530769,A,0,2,_Z
OECD.WISE.WDP:DSD_HSL@DF_HSL_CWB(1.1),COL,2_2,PT_WG_SAL_M_D,_T,_T,_T,HSL_2,2017,11.25134935,A,0,2,_Z
OECD.WISE.WDP:DSD_HSL@DF_HSL_CWB(1.1),COL,2_2,PT_WG_SAL_M_D,_T,_T,_T,HSL_2,2018,10.62886254,A,0,2,_Z
OECD.WISE.WDP:DSD_HSL@DF_HSL_CWB(1.1),COL,2_2,PT_WG_SAL_M_D,_T,_T,_T,HSL_2,2019,9.385588986,A,0,2,_Z
OECD.WISE.WDP:DSD_HSL@DF_HSL_CWB(1.1),COL,2_2,PT_WG_SAL_M_D,_T,_T,_T,HSL_2,2020,2.963954082,A,0,2,_Z
OECD.WISE.WDP:DSD_HSL@DF_HSL_CWB(1.1),COL,2_2,PT_WG_SAL_M_D,_T,_T,_T,HSL_2,2021,3.340506579,A,0,2,_Z
OECD.WISE.WDP:DSD_HSL@DF_HSL_CWB(1.1),COL,2_2,PT_WG_SAL_M_D,_T,_T,_T,HSL_2,2022,1.858736057,A,0,2,_Z
OECD.WISE.WDP:DSD_HSL@DF_HSL_CWB(1.1),COL,2_2,PT_WG_SAL_M_D,_T,_T,_T,HSL_2,2023,1.945525292,A,0,2,_Z
OECD.WISE.WDP:DSD_HSL@DF_HSL_CWB(1.1),COL,2_2,PT_WG_SAL_M_D,_T,_T,_T,HSL_2,2024,0.588235299,A,0,2,_Z
OECD.WISE.WDP:DSD_HSL@DF_HSL_CWB(1.1),CRI,2_2,PT_WG_SAL_M_D,_T,_T,_T,HSL_2,2010,9.333333332,A,0,2,_Z
OECD.WISE.WDP:DSD_HSL@DF_HSL_CWB(1.1),CRI,2_2,PT_WG_SAL_M_D,_T,_T,_T,HSL_2,2011,9.723076922,A,0,2,_Z
OECD.WISE.WDP:DSD_HSL@DF_HSL_CWB(1.1),CRI,2_2,PT_WG_SAL_M_D,_T,_T,_T,HSL_2,2012,10.08928571,A,0,2,_Z
OECD.WISE.WDP:DSD_HSL@DF_HSL_CWB(1.1),CRI,2_2,PT_WG_SAL_M_D,_T,_T,_T,HSL_2,2013,9.722222223,A,0,2,_Z
OECD.WISE.WDP:DSD_HSL@DF_HSL_CWB(1.1),CRI,2_2,PT_WG_SAL_M_D,_T,_T,_T,HSL_2,2014,12.30769231,A,0,2,_Z
OECD.WISE.WDP:DSD_HSL@DF_HSL_CWB(1.1),CRI,2_2,PT_WG_SAL_M_D,_T,_T,_T,HSL_2,2015,9.090909091,A,0,2,_Z
OECD.WISE.WDP:DSD_HSL@DF_HSL_CWB(1.1),CRI,2_2,PT_WG_SAL_M_D,_T,_T,_T,HSL_2,2016,6.250000001,A,0,2,_Z
OECD.WISE.WDP:DSD_HSL@DF_HSL_CWB(1.1),CRI,2_2,PT_WG_SAL_M_D,_T,_T,_T,HSL_2,2017,6.586826348,A,0,2,_Z
OECD.WISE.WDP:DSD_HSL@DF_HSL_CWB(1.1),CRI,2_2,PT_WG_SAL_M_D,_T,_T,_T,HSL_2,2018,8.450704225,A,0,2,_Z
OECD.WISE.WDP:DSD_HSL@DF_HSL_CWB(1.1),CRI,2_2,PT_WG_SAL_M_D,_T,_T,_T,HSL_2,2019,6.529209622,A,0,2,_Z
OECD.WISE.WDP:DSD_HSL@DF_HSL_CWB(1.1),CRI,2_2,PT_WG_SAL_M_D,_T,_T,_T,HSL_2,2020,3.030303029,A,0,2,_Z
OECD.WISE.WDP:DSD_HSL@DF_HSL_CWB(1.1),CRI,2_2,PT_WG_SAL_M_D,_T,_T,_T,HSL_2,2021,5.203619908,A,0,2,_Z
OECD.WISE.WDP:DSD_HSL@DF_HSL_CWB(1.1),CRI,2_2,PT_WG_SAL_M_D,_T,_T,_T,HSL_2,2022,1.449275363,A,0,2,_Z
OECD.WISE.WDP:DSD_HSL@DF_HSL_CWB(1.1),CRI,2_2,PT_WG_SAL_M_D,_T,_T,_T,HSL_2,2023,4.210524667,A,0,2,_Z
OECD.WISE.WDP:DSD_HSL@DF_HSL_CWB(1.1),CRI,2_2,PT_WG_SAL_M_D,_T,_T,_T,HSL_2,2024,7.326731939,A,0,2,_Z
OECD.WISE.WDP:DSD_HSL@DF_HSL_CWB(1.1),CZE,2_2,PT_WG_SAL_M_D,_T,_T,_T,HSL_2,2010,15.79850307,A,0,2,_Z
OECD.WISE.WDP:DSD_HSL@DF_HSL_CWB(1.1),CZE,2_2,PT_WG_SAL_M_D,_T,_T,_T,HSL_2,2011,16.3296567,A,0,2,_Z
OECD.WISE.WDP:DSD_HSL@DF_HSL_CWB(1.1),CZE,2_2,PT_WG_SAL_M_D,_T,_T,_T,HSL_2,2012,15.26297988,A,0,2,_Z
OECD.WISE.WDP:DSD_HSL@DF_HSL_CWB(1.1),CZE,2_2,PT_WG_SAL_M_D,_T,_T,_T,HSL_2,2013,15.37883532,A,0,2,_Z
OECD.WISE.WDP:DSD_HSL@DF_HSL_CWB(1.1),CZE,2_2,PT_WG_SAL_M_D,_T,_T,_T,HSL_2,2014,16.2545602,A,0,2,_Z
OECD.WISE.WDP:DSD_HSL@DF_HSL_CWB(1.1),CZE,2_2,PT_WG_SAL_M_D,_T,_T,_T,HSL_2,2015,16.45515416,A,0,2,_Z
OECD.WISE.WDP:DSD_HSL@DF_HSL_CWB(1.1),CZE,2_2,PT_WG_SAL_M_D,_T,_T,_T,HSL_2,2016,16.02343084,A,0,2,_Z
OECD.WISE.WDP:DSD_HSL@DF_HSL_CWB(1.1),CZE,2_2,PT_WG_SAL_M_D,_T,_T,_T,HSL_2,2017,15.61401089,A,0,2,_Z
OECD.WISE.WDP:DSD_HSL@DF_HSL_CWB(1.1),CZE,2_2,PT_WG_SAL_M_D,_T,_T,_T,HSL_2,2018,15.12741386,A,0,2,_Z
OECD.WISE.WDP:DSD_HSL@DF_HSL_CWB(1.1),CZE,2_2,PT_WG_SAL_M_D,_T,_T,_T,HSL_2,2019,14.71433226,A,0,2,_Z
OECD.WISE.WDP:DSD_HSL@DF_HSL_CWB(1.1),CZE,2_2,PT_WG_SAL_M_D,_T,_T,_T,HSL_2,2020,12.37286209,A,0,2,_Z
OECD.WISE.WDP:DSD_HSL@DF_HSL_CWB(1.1),CZE,2_2,PT_WG_SAL_M_D,_T,_T,_T,HSL_2,2021,11.51874831,A,0,2,_Z
OECD.WISE.WDP:DSD_HSL@DF_HSL_CWB(1.1),CZE,2_2,PT_WG_SAL_M_D,_T,_T,_T,HSL_2,2022,13.57571214,A,0,2,_Z
OECD.WISE.WDP:DSD_HSL@DF_HSL_CWB(1.1),CZE,2_2,PT_WG_SAL_M_D,_T,_T,_T,HSL_2,2023,13.17041983,A,0,2,_Z
OECD.WISE.WDP:DSD_HSL@DF_HSL_CWB(1.1),CZE,2_2,PT_WG_SAL_M_D,_T,_T,_T,HSL_2,2024,13.55386679,A,0,2,_Z
OECD.WISE.WDP:DSD_HSL@DF_HSL_CWB(1.1),DNK,2_2,PT_WG_SAL_M_D,_T,_T,_T,HSL_2,2010,8.895098479,A,0,2,_Z
OECD.WISE.WDP:DSD_HSL@DF_HSL_CWB(1.1),DNK,2_2,PT_WG_SAL_M_D,_T,_T,_T,HSL_2,2011,7.947197254,A,0,2,_Z
OECD.WISE.WDP:DSD_HSL@DF_HSL_CWB(1.1),DNK,2_2,PT_WG_SAL_M_D,_T,_T,_T,HSL_2,2012,6.999844875,A,0,2,_Z
OECD.WISE.WDP:DSD_HSL@DF_HSL_CWB(1.1),DNK,2_2,PT_WG_SAL_M_D,_T,_T,_T,HSL_2,2013,6.768911942,A,0,2,_Z
OECD.WISE.WDP:DSD_HSL@DF_HSL_CWB(1.1),DNK,2_2,PT_WG_SAL_M_D,_T,_T,_T,HSL_2,2014,6.323865696,A,0,2,_Z
OECD.WISE.WDP:DSD_HSL@DF_HSL_CWB(1.1),DNK,2_2,PT_WG_SAL_M_D,_T,_T,_T,HSL_2,2015,5.836048112,A,0,2,_Z
OECD.WISE.WDP:DSD_HSL@DF_HSL_CWB(1.1),DNK,2_2,PT_WG_SAL_M_D,_T,_T,_T,HSL_2,2016,5.732628037,A,0,2,_Z
OECD.WISE.WDP:DSD_HSL@DF_HSL_CWB(1.1),DNK,2_2,PT_WG_SAL_M_D,_T,_T,_T,HSL_2,2017,5.296691966,A,0,2,_Z
OECD.WISE.WDP:DSD_HSL@DF_HSL_CWB(1.1),DNK,2_2,PT_WG_SAL_M_D,_T,_T,_T,HSL_2,2018,4.863206011,A,0,2,_Z
OECD.WISE.WDP:DSD_HSL@DF_HSL_CWB(1.1),DNK,2_2,PT_WG_SAL_M_D,_T,_T,_T,HSL_2,2019,5.059215628,A,0,2,_Z
OECD.WISE.WDP:DSD_HSL@DF_HSL_CWB(1.1),DNK,2_2,PT_WG_SAL_M_D,_T,_T,_T,HSL_2,2020,4.994399738,A,0,2,_Z
OECD.WISE.WDP:DSD_HSL@DF_HSL_CWB(1.1),DNK,2_2,PT_WG_SAL_M_D,_T,_T,_T,HSL_2,2021,5.576082634,A,0,2,_Z
OECD.WISE.WDP:DSD_HSL@DF_HSL_CWB(1.1),DNK,2_2,PT_WG_SAL_M_D,_T,_T,_T,HSL_2,2022,5.837088593,A,0,2,_Z
OECD.WISE.WDP:DSD_HSL@DF_HSL_CWB(1.1),DNK,2_2,PT_WG_SAL_M_D,_T,_T,_T,HSL_2,2023,5.365959768,A,0,2,_Z
OECD.WISE.WDP:DSD_HSL@DF_HSL_CWB(1.1),EST,2_2,PT_WG_SAL_M_D,_T,_T,_T,HSL_2,2010,27.79783394,A,0,2,_Z
OECD.WISE.WDP:DSD_HSL@DF_HSL_CWB(1.1),EST,2_2,PT_WG_SAL_M_D,_T,_T,_T,HSL_2,2014,28.33935018,A,0,2,_Z
OECD.WISE.WDP:DSD_HSL@DF_HSL_CWB(1.1),EST,2_2,PT_WG_SAL_M_D,_T,_T,_T,HSL_2,2018,22.68115942,A,0,2,_Z
OECD.WISE.WDP:DSD_HSL@DF_HSL_CWB(1.1),EST,2_2,PT_WG_SAL_M_D,_T,_T,_T,HSL_2,2022,21.42459655,A,0,2,_Z
OECD.WISE.WDP:DSD_HSL@DF_HSL_CWB(1.1),EST,2_2,PT_WG_SAL_M_D,_T,_T,_T,HSL_2,2023,24.65170907,A,0,2,_Z
OECD.WISE.WDP:DSD_HSL@DF_HSL_CWB(1.1),FIN,2_2,PT_WG_SAL_M_D,_T,_T,_T,HSL_2,2010,18.87699985,A,0,2,_Z
OECD.WISE.WDP:DSD_HSL@DF_HSL_CWB(1.1),FIN,2_2,PT_WG_SAL_M_D,_T,_T,_T,HSL_2,2011,18.6076171,A,0,2,_Z
OECD.WISE.WDP:DSD_HSL@DF_HSL_CWB(1.1),FIN,2_2,PT_WG_SAL_M_D,_T,_T,_T,HSL_2,2012,18.72607453,A,0,2,_Z
OECD.WISE.WDP:DSD_HSL@DF_HSL_CWB(1.1),FIN,2_2,PT_WG_SAL_M_D,_T,_T,_T,HSL_2,2013,20.17843271,A,0,2,_Z
OECD.WISE.WDP:DSD_HSL@DF_HSL_CWB(1.1),FIN,2_2,PT_WG_SAL_M_D,_T,_T,_T,HSL_2,2014,19.60907945,A,0,2,_Z
OECD.WISE.WDP:DSD_HSL@DF_HSL_CWB(1.1),FIN,2_2,PT_WG_SAL_M_D,_T,_T,_T,HSL_2,2015,18.05598132,A,0,2,_Z
OECD.WISE.WDP:DSD_HSL@DF_HSL_CWB(1.1),FIN,2_2,PT_WG_SAL_M_D,_T,_T,_T,HSL_2,2016,16.47225837,A,0,2,_Z
OECD.WISE.WDP:DSD_HSL@DF_HSL_CWB(1.1),FIN,2_2,PT_WG_SAL_M_D,_T,_T,_T,HSL_2,2017,17.71792064,A,0,2,_Z
OECD.WISE.WDP:DSD_HSL@DF_HSL_CWB(1.1),FIN,2_2,PT_WG_SAL_M_D,_T,_T,_T,HSL_2,2018,18.85520372,A,0,2,_Z
OECD.WISE.WDP:DSD_HSL@DF_HSL_CWB(1.1),FIN,2_2,PT_WG_SAL_M_D,_T,_T,_T,HSL_2,2019,17.15982964,A,0,2,_Z
OECD.WISE.WDP:DSD_HSL@DF_HSL_CWB(1.1),FIN,2_2,PT_WG_SAL_M_D,_T,_T,_T,HSL_2,2020,15.97860496,A,0,2,_Z
OECD.WISE.WDP:DSD_HSL@DF_HSL_CWB(1.1),FIN,2_2,PT_WG_SAL_M_D,_T,_T,_T,HSL_2,2021,15.34078693,A,0,2,_Z
OECD.WISE.WDP:DSD_HSL@DF_HSL_CWB(1.1),FIN,2_2,PT_WG_SAL_M_D,_T,_T,_T,HSL_2,2022,17.51685939,A,0,2,_Z
OECD.WISE.WDP:DSD_HSL@DF_HSL_CWB(1.1),FIN,2_2,PT_WG_SAL_M_D,_T,_T,_T,HSL_2,2023,16.13188493,A,0,2,_Z
OECD.WISE.WDP:DSD_HSL@DF_HSL_CWB(1.1),FRA,2_2,PT_WG_SAL_M_D,_T,_T,_T,HSL_2,2010,9.118807541,A,0,2,_Z
OECD.WISE.WDP:DSD_HSL@DF_HSL_CWB(1.1),FRA,2_2,PT_WG_SAL_M_D,_T,_T,_T,HSL_2,2014,9.872102318,A,0,2,_Z
OECD.WISE.WDP:DSD_HSL@DF_HSL_CWB(1.1),FRA,2_2,PT_WG_SAL_M_D,_T,_T,_T,HSL_2,2018,11.82380216,A,0,2,_Z
OECD.WISE.WDP:DSD_HSL@DF_HSL_CWB(1.1),FRA,2_2,PT_WG_SAL_M_D,_T,_T,_T,HSL_2,2022,5.346153846,A,0,2,_Z
OECD.WISE.WDP:DSD_HSL@DF_HSL_CWB(1.1),FRA,2_2,PT_WG_SAL_M_D,_T,_T,_T,HSL_2,2023,6.195449557,A,0,2,_Z
OECD.WISE.WDP:DSD_HSL@DF_HSL_CWB(1.1),DEU,2_2,PT_WG_SAL_M_D,_T,_T,_T,HSL_2,2010,16.69471558,A,0,2,_Z
OECD.WISE.WDP:DSD_HSL@DF_HSL_CWB(1.1),DEU,2_2,PT_WG_SAL_M_D,_T,_T,_T,HSL_2,2011,16.94444444,A,0,2,_Z
OECD.WISE.WDP:DSD_HSL@DF_HSL_CWB(1.1),DEU,2_2,PT_WG_SAL_M_D,_T,_T,_T,HSL_2,2012,16.30434783,A,0,2,_Z
OECD.WISE.WDP:DSD_HSL@DF_HSL_CWB(1.1),DEU,2_2,PT_WG_SAL_M_D,_T,_T,_T,HSL_2,2013,14.32328767,A,0,2,_Z
OECD.WISE.WDP:DSD_HSL@DF_HSL_CWB(1.1),DEU,2_2,PT_WG_SAL_M_D,_T,_T,_T,HSL_2,2014,17.1875,A,0,2,_Z
OECD.WISE.WDP:DSD_HSL@DF_HSL_CWB(1.1),DEU,2_2,PT_WG_SAL_M_D,_T,_T,_T,HSL_2,2015,15.81632653,A,0,2,_Z
OECD.WISE.WDP:DSD_HSL@DF_HSL_CWB(1.1),DEU,2_2,PT_WG_SAL_M_D,_T,_T,_T,HSL_2,2016,15.51071879,A,0,2,_Z
OECD.WISE.WDP:DSD_HSL@DF_HSL_CWB(1.1),DEU,2_2,PT_WG_SAL_M_D,_T,_T,_T,HSL_2,2017,14.4278607,A,0,2,_Z
OECD.WISE.WDP:DSD_HSL@DF_HSL_CWB(1.1),DEU,2_2,PT_WG_SAL_M_D,_T,_T,_T,HSL_2,2018,15.71428571,A,0,2,_Z
OECD.WISE.WDP:DSD_HSL@DF_HSL_CWB(1.1),DEU,2_2,PT_WG_SAL_M_D,_T,_T,_T,HSL_2,2019,14.35185185,A,0,2,_Z
OECD.WISE.WDP:DSD_HSL@DF_HSL_CWB(1.1),DEU,2_2,PT_WG_SAL_M_D,_T,_T,_T,HSL_2,2020,12.06257347,A,0,2,_Z
OECD.WISE.WDP:DSD_HSL@DF_HSL_CWB(1.1),DEU,2_2,PT_WG_SAL_M_D,_T,_T,_T,HSL_2,2021,13.47505423,A,0,2,_Z
OECD.WISE.WDP:DSD_HSL@DF_HSL_CWB(1.1),DEU,2_2,PT_WG_SAL_M_D,_T,_T,_T,HSL_2,2022,14.38013219,A,0,2,_Z
OECD.WISE.WDP:DSD_HSL@DF_HSL_CWB(1.1),DEU,2_2,PT_WG_SAL_M_D,_T,_T,_T,HSL_2,2023,14.24533444,A,0,2,_Z
OECD.WISE.WDP:DSD_HSL@DF_HSL_CWB(1.1),GRC,2_2,PT_WG_SAL_M_D,_T,_T,_T,HSL_2,2010,9.90990991,A,0,2,_Z
OECD.WISE.WDP:DSD_HSL@DF_HSL_CWB(1.1),GRC,2_2,PT_WG_SAL_M_D,_T,_T,_T,HSL_2,2014,7.171581769,A,0,2,_Z
OECD.WISE.WDP:DSD_HSL@DF_HSL_CWB(1.1),GRC,2_2,PT_WG_SAL_M_D,_T,_T,_T,HSL_2,2018,5.909090909,A,0,2,_Z
OECD.WISE.WDP:DSD_HSL@DF_HSL_CWB(1.1),GRC,2_2,PT_WG_SAL_M_D,_T,_T,_T,HSL_2,2022,8.597285068,A,0,2,_Z
OECD.WISE.WDP:DSD_HSL@DF_HSL_CWB(1.1),GRC,2_2,PT_WG_SAL_M_D,_T,_T,_T,HSL_2,2023,9.694999863,A,0,2,_Z
OECD.WISE.WDP:DSD_HSL@DF_HSL_CWB(1.1),HUN,2_2,PT_WG_SAL_M_D,_T,_T,_T,HSL_2,2010,6.381712252,A,0,2,_Z
OECD.WISE.WDP:DSD_HSL@DF_HSL_CWB(1.1),HUN,2_2,PT_WG_SAL_M_D,_T,_T,_T,HSL_2,2011,6.863905325,A,0,2,_Z
OECD.WISE.WDP:DSD_HSL@DF_HSL_CWB(1.1),HUN,2_2,PT_WG_SAL_M_D,_T,_T,_T,HSL_2,2012,11.33246244,A,0,2,_Z
OECD.WISE.WDP:DSD_HSL@DF_HSL_CWB(1.1),HUN,2_2,PT_WG_SAL_M_D,_T,_T,_T,HSL_2,2013,8.723650635,A,0,2,_Z
OECD.WISE.WDP:DSD_HSL@DF_HSL_CWB(1.1),HUN,2_2,PT_WG_SAL_M_D,_T,_T,_T,HSL_2,2014,3.772605527,A,0,2,_Z
OECD.WISE.WDP:DSD_HSL@DF_HSL_CWB(1.1),HUN,2_2,PT_WG_SAL_M_D,_T,_T,_T,HSL_2,2015,9.523809524,A,0,2,_Z
OECD.WISE.WDP:DSD_HSL@DF_HSL_CWB(1.1),HUN,2_2,PT_WG_SAL_M_D,_T,_T,_T,HSL_2,2016,9.364317181,A,0,2,_Z
OECD.WISE.WDP:DSD_HSL@DF_HSL_CWB(1.1),HUN,2_2,PT_WG_SAL_M_D,_T,_T,_T,HSL_2,2017,5.320268655,A,0,2,_Z
OECD.WISE.WDP:DSD_HSL@DF_HSL_CWB(1.1),HUN,2_2,PT_WG_SAL_M_D,_T,_T,_T,HSL_2,2018,5.063214286,A,0,2,_Z
OECD.WISE.WDP:DSD_HSL@DF_HSL_CWB(1.1),HUN,2_2,PT_WG_SAL_M_D,_T,_T,_T,HSL_2,2019,12.7536732,A,0,2,_Z
OECD.WISE.WDP:DSD_HSL@DF_HSL_CWB(1.1),HUN,2_2,PT_WG_SAL_M_D,_T,_T,_T,HSL_2,2020,12.35001644,A,0,2,_Z
OECD.WISE.WDP:DSD_HSL@DF_HSL_CWB(1.1),HUN,2_2,PT_WG_SAL_M_D,_T,_T,_T,HSL_2,2021,13.07661411,A,0,2,_Z
OECD.WISE.WDP:DSD_HSL@DF_HSL_CWB(1.1),HUN,2_2,PT_WG_SAL_M_D,_T,_T,_T,HSL_2,2022,13.33555556,A,0,2,_Z
OECD.WISE.WDP:DSD_HSL@DF_HSL_CWB(1.1),HUN,2_2,PT_WG_SAL_M_D,_T,_T,_T,HSL_2,2023,14.24116105,A,0,2,_Z
OECD.WISE.WDP:DSD_HSL@DF_HSL_CWB(1.1),ISL,2_2,PT_WG_SAL_M_D,_T,_T,_T,HSL_2,2010,16.46039604,A,0,2,_Z
OECD.WISE.WDP:DSD_HSL@DF_HSL_CWB(1.1),ISL,2_2,PT_WG_SAL_M_D,_T,_T,_T,HSL_2,2014,13.84083045,A,0,2,_Z
OECD.WISE.WDP:DSD_HSL@DF_HSL_CWB(1.1),ISL,2_2,PT_WG_SAL_M_D,_T,_T,_T,HSL_2,2018,12.90124719,A,0,2,_Z
OECD.WISE.WDP:DSD_HSL@DF_HSL_CWB(1.1),ISL,2_2,PT_WG_SAL_M_D,_T,_T,_T,HSL_2,2022,10.1924176,A,0,2,_Z
OECD.WISE.WDP:DSD_HSL@DF_HSL_CWB(1.1),IRL,2_2,PT_WG_SAL_M_D,_T,_T,_T,HSL_2,2010,14.34586466,A,0,2,_Z
OECD.WISE.WDP:DSD_HSL@DF_HSL_CWB(1.1),IRL,2_2,PT_WG_SAL_M_D,_T,_T,_T,HSL_2,2014,10.60606061,A,0,2,_Z
OECD.WISE.WDP:DSD_HSL@DF_HSL_CWB(1.1),IRL,2_2,PT_WG_SAL_M_D,_T,_T,_T,HSL_2,2018,8.284023669,A,0,2,_Z
OECD.WISE.WDP:DSD_HSL@DF_HSL_CWB(1.1),IRL,2_2,PT_WG_SAL_M_D,_T,_T,_T,HSL_2,2022,8.268871699,A,0,2,_Z
OECD.WISE.WDP:DSD_HSL@DF_HSL_CWB(1.1),IRL,2_2,PT_WG_SAL_M_D,_T,_T,_T,HSL_2,2023,11.8086809,A,0,2,_Z
OECD.WISE.WDP:DSD_HSL@DF_HSL_CWB(1.1),ISR,2_2,PT_WG_SAL_M_D,_T,_T,_T,HSL_2,2010,20.39157739,A,0,2,_Z
OECD.WISE.WDP:DSD_HSL@DF_HSL_CWB(1.1),ISR,2_2,PT_WG_SAL_M_D,_T,_T,_T,HSL_2,2011,19.65966691,A,0,2,_Z
OECD.WISE.WDP:DSD_HSL@DF_HSL_CWB(1.1),ISR,2_2,PT_WG_SAL_M_D,_T,_T,_T,HSL_2,2012,20,A,0,2,_Z
OECD.WISE.WDP:DSD_HSL@DF_HSL_CWB(1.1),ISR,2_2,PT_WG_SAL_M_D,_T,_T,_T,HSL_2,2013,20.34590182,A,0,2,_Z
OECD.WISE.WDP:DSD_HSL@DF_HSL_CWB(1.1),ISR,2_2,PT_WG_SAL_M_D,_T,_T,_T,HSL_2,2014,20.1081412,A,0,2,_Z
OECD.WISE.WDP:DSD_HSL@DF_HSL_CWB(1.1),ISR,2_2,PT_WG_SAL_M_D,_T,_T,_T,HSL_2,2015,20.43918919,A,0,2,_Z
OECD.WISE.WDP:DSD_HSL@DF_HSL_CWB(1.1),ISR,2_2,PT_WG_SAL_M_D,_T,_T,_T,HSL_2,2016,21.59333204,A,0,2,_Z
OECD.WISE.WDP:DSD_HSL@DF_HSL_CWB(1.1),ISR,2_2,PT_WG_SAL_M_D,_T,_T,_T,HSL_2,2017,21.79178994,A,0,2,_Z
OECD.WISE.WDP:DSD_HSL@DF_HSL_CWB(1.1),ISR,2_2,PT_WG_SAL_M_D,_T,_T,_T,HSL_2,2018,22.65919243,A,0,2,_Z
OECD.WISE.WDP:DSD_HSL@DF_HSL_CWB(1.1),ISR,2_2,PT_WG_SAL_M_D,_T,_T,_T,HSL_2,2019,24.31886983,A,0,2,_Z
OECD.WISE.WDP:DSD_HSL@DF_HSL_CWB(1.1),ISR,2_2,PT_WG_SAL_M_D,_T,_T,_T,HSL_2,2020,21.55833333,A,0,2,_Z
OECD.WISE.WDP:DSD_HSL@DF_HSL_CWB(1.1),ISR,2_2,PT_WG_SAL_M_D,_T,_T,_T,HSL_2,2021,25.35751381,A,0,2,_Z
OECD.WISE.WDP:DSD_HSL@DF_HSL_CWB(1.1),ISR,2_2,PT_WG_SAL_M_D,_T,_T,_T,HSL_2,2022,20.84615385,A,0,2,_Z
OECD.WISE.WDP:DSD_HSL@DF_HSL_CWB(1.1),ITA,2_2,PT_WG_SAL_M_D,_T,_T,_T,HSL_2,2010,5.640535373,A,0,2,_Z
OECD.WISE.WDP:DSD_HSL@DF_HSL_CWB(1.1),ITA,2_2,PT_WG_SAL_M_D,_T,_T,_T,HSL_2,2014,6.584723442,A,0,2,_Z
OECD.WISE.WDP:DSD_HSL@DF_HSL_CWB(1.1),ITA,2_2,PT_WG_SAL_M_D,_T,_T,_T,HSL_2,2018,5.708061002,A,0,2,_Z
OECD.WISE.WDP:DSD_HSL@DF_HSL_CWB(1.1),ITA,2_2,PT_WG_SAL_M_D,_T,_T,_T,HSL_2,2022,4.563233377,A,0,2,_Z
OECD.WISE.WDP:DSD_HSL@DF_HSL_CWB(1.1),ITA,2_2,PT_WG_SAL_M_D,_T,_T,_T,HSL_2,2023,4.142114255,A,0,2,_Z
OECD.WISE.WDP:DSD_HSL@DF_HSL_CWB(1.1),JPN,2_2,PT_WG_SAL_M_D,_T,_T,_T,HSL_2,2010,28.68430093,A,0,2,_Z
OECD.WISE.WDP:DSD_HSL@DF_HSL_CWB(1.1),JPN,2_2,PT_WG_SAL_M_D,_T,_T,_T,HSL_2,2011,27.39536493,A,0,2,_Z
OECD.WISE.WDP:DSD_HSL@DF_HSL_CWB(1.1),JPN,2_2,PT_WG_SAL_M_D,_T,_T,_T,HSL_2,2012,26.52354571,A,0,2,_Z
OECD.WISE.WDP:DSD_HSL@DF_HSL_CWB(1.1),JPN,2_2,PT_WG_SAL_M_D,_T,_T,_T,HSL_2,2013,26.58757851,A,0,2,_Z
OECD.WISE.WDP:DSD_HSL@DF_HSL_CWB(1.1),JPN,2_2,PT_WG_SAL_M_D,_T,_T,_T,HSL_2,2014,25.87099,A,0,2,_Z
OECD.WISE.WDP:DSD_HSL@DF_HSL_CWB(1.1),JPN,2_2,PT_WG_SAL_M_D,_T,_T,_T,HSL_2,2015,25.73179033,A,0,2,_Z
OECD.WISE.WDP:DSD_HSL@DF_HSL_CWB(1.1),JPN,2_2,PT_WG_SAL_M_D,_T,_T,_T,HSL_2,2016,24.60128945,A,0,2,_Z
OECD.WISE.WDP:DSD_HSL@DF_HSL_CWB(1.1),JPN,2_2,PT_WG_SAL_M_D,_T,_T,_T,HSL_2,2017,24.51809266,A,0,2,_Z
OECD.WISE.WDP:DSD_HSL@DF_HSL_CWB(1.1),JPN,2_2,PT_WG_SAL_M_D,_T,_T,_T,HSL_2,2018,23.53736896,A,0,2,_Z
OECD.WISE.WDP:DSD_HSL@DF_HSL_CWB(1.1),JPN,2_2,PT_WG_SAL_M_D,_T,_T,_T,HSL_2,2019,23.48001344,A,0,2,_Z
OECD.WISE.WDP:DSD_HSL@DF_HSL_CWB(1.1),JPN,2_2,PT_WG_SAL_M_D,_T,_T,_T,HSL_2,2020,22.51856854,A,0,2,_Z
OECD.WISE.WDP:DSD_HSL@DF_HSL_CWB(1.1),JPN,2_2,PT_WG_SAL_M_D,_T,_T,_T,HSL_2,2021,22.11376641,A,0,2,_Z
OECD.WISE.WDP:DSD_HSL@DF_HSL_CWB(1.1),JPN,2_2,PT_WG_SAL_M_D,_T,_T,_T,HSL_2,2022,21.34794157,A,0,2,_Z
OECD.WISE.WDP:DSD_HSL@DF_HSL_CWB(1.1),JPN,2_2,PT_WG_SAL_M_D,_T,_T,_T,HSL_2,2023,22.04213938,A,0,2,_Z
OECD.WISE.WDP:DSD_HSL@DF_HSL_CWB(1.1),JPN,2_2,PT_WG_SAL_M_D,_T,_T,_T,HSL_2,2024,20.65045785,A,0,2,_Z
OECD.WISE.WDP:DSD_HSL@DF_HSL_CWB(1.1),KOR,2_2,PT_WG_SAL_M_D,_T,_T,_T,HSL_2,2010,39.60585734,A,0,2,_Z
OECD.WISE.WDP:DSD_HSL@DF_HSL_CWB(1.1),KOR,2_2,PT_WG_SAL_M_D,_T,_T,_T,HSL_2,2011,36.5642295,A,0,2,_Z
OECD.WISE.WDP:DSD_HSL@DF_HSL_CWB(1.1),KOR,2_2,PT_WG_SAL_M_D,_T,_T,_T,HSL_2,2012,36.29852997,A,0,2,_Z
OECD.WISE.WDP:DSD_HSL@DF_HSL_CWB(1.1),KOR,2_2,PT_WG_SAL_M_D,_T,_T,_T,HSL_2,2013,36.59963437,A,0,2,_Z
OECD.WISE.WDP:DSD_HSL@DF_HSL_CWB(1.1),KOR,2_2,PT_WG_SAL_M_D,_T,_T,_T,HSL_2,2014,36.65317614,A,0,2,_Z
OECD.WISE.WDP:DSD_HSL@DF_HSL_CWB(1.1),KOR,2_2,PT_WG_SAL_M_D,_T,_T,_T,HSL_2,2015,37.17628175,A,0,2,_Z
OECD.WISE.WDP:DSD_HSL@DF_HSL_CWB(1.1),KOR,2_2,PT_WG_SAL_M_D,_T,_T,_T,HSL_2,2016,36.66666667,A,0,2,_Z
OECD.WISE.WDP:DSD_HSL@DF_HSL_CWB(1.1),KOR,2_2,PT_WG_SAL_M_D,_T,_T,_T,HSL_2,2017,34.61738256,A,0,2,_Z
OECD.WISE.WDP:DSD_HSL@DF_HSL_CWB(1.1),KOR,2_2,PT_WG_SAL_M_D,_T,_T,_T,HSL_2,2018,34.10731095,A,0,2,_Z
OECD.WISE.WDP:DSD_HSL@DF_HSL_CWB(1.1),KOR,2_2,PT_WG_SAL_M_D,_T,_T,_T,HSL_2,2019,32.48044472,A,0,2,_Z
OECD.WISE.WDP:DSD_HSL@DF_HSL_CWB(1.1),KOR,2_2,PT_WG_SAL_M_D,_T,_T,_T,HSL_2,2020,31.48475223,A,0,2,_Z
OECD.WISE.WDP:DSD_HSL@DF_HSL_CWB(1.1),KOR,2_2,PT_WG_SAL_M_D,_T,_T,_T,HSL_2,2021,31.06483944,A,0,2,_Z
OECD.WISE.WDP:DSD_HSL@DF_HSL_CWB(1.1),KOR,2_2,PT_WG_SAL_M_D,_T,_T,_T,HSL_2,2022,31.24208428,A,0,2,_Z
OECD.WISE.WDP:DSD_HSL@DF_HSL_CWB(1.1),KOR,2_2,PT_WG_SAL_M_D,_T,_T,_T,HSL_2,2023,29.3008641,A,0,2,_Z
OECD.WISE.WDP:DSD_HSL@DF_HSL_CWB(1.1),KOR,2_2,PT_WG_SAL_M_D,_T,_T,_T,HSL_2,2024,28.95367823,A,0,2,_Z
OECD.WISE.WDP:DSD_HSL@DF_HSL_CWB(1.1),LVA,2_2,PT_WG_SAL_M_D,_T,_T,_T,HSL_2,2010,19.05564924,A,0,2,_Z
OECD.WISE.WDP:DSD_HSL@DF_HSL_CWB(1.1),LVA,2_2,PT_WG_SAL_M_D,_T,_T,_T,HSL_2,2014,21.12299465,A,0,2,_Z
OECD.WISE.WDP:DSD_HSL@DF_HSL_CWB(1.1),LVA,2_2,PT_WG_SAL_M_D,_T,_T,_T,HSL_2,2018,20.28985507,A,0,2,_Z
OECD.WISE.WDP:DSD_HSL@DF_HSL_CWB(1.1),LVA,2_2,PT_WG_SAL_M_D,_T,_T,_T,HSL_2,2022,19.55223881,A,0,2,_Z
OECD.WISE.WDP:DSD_HSL@DF_HSL_CWB(1.1),LVA,2_2,PT_WG_SAL_M_D,_T,_T,_T,HSL_2,2023,18.41202829,A,0,2,_Z
OECD.WISE.WDP:DSD_HSL@DF_HSL_CWB(1.1),LTU,2_2,PT_WG_SAL_M_D,_T,_T,_T,HSL_2,2010,10.64257028,A,0,2,_Z
OECD.WISE.WDP:DSD_HSL@DF_HSL_CWB(1.1),LTU,2_2,PT_WG_SAL_M_D,_T,_T,_T,HSL_2,2014,12.47974068,A,0,2,_Z
OECD.WISE.WDP:DSD_HSL@DF_HSL_CWB(1.1),LTU,2_2,PT_WG_SAL_M_D,_T,_T,_T,HSL_2,2018,11.68981482,A,0,2,_Z
OECD.WISE.WDP:DSD_HSL@DF_HSL_CWB(1.1),LTU,2_2,PT_WG_SAL_M_D,_T,_T,_T,HSL_2,2022,4.402102497,A,0,2,_Z
OECD.WISE.WDP:DSD_HSL@DF_HSL_CWB(1.1),LUX,2_2,PT_WG_SAL_M_D,_T,_T,_T,HSL_2,2010,4.5921644188,A,0,2,_Z
OECD.WISE.WDP:DSD_HSL@DF_HSL_CWB(1.1),LUX,2_2,PT_WG_SAL_M_D,_T,_T,_T,HSL_2,2014,3.4029167858,A,0,2,_Z
OECD.WISE.WDP:DSD_HSL@DF_HSL_CWB(1.1),LUX,2_2,PT_WG_SAL_M_D,_T,_T,_T,HSL_2,2018,-3.133514986,A,0,2,_Z
OECD.WISE.WDP:DSD_HSL@DF_HSL_CWB(1.1),LUX,2_2,PT_WG_SAL_M_D,_T,_T,_T,HSL_2,2022,-8.677098151,A,0,2,_Z
OECD.WISE.WDP:DSD_HSL@DF_HSL_CWB(1.1),MEX,2_2,PT_WG_SAL_M_D,_T,_T,_T,HSL_2,2010,11.62790698,A,0,2,_Z
OECD.WISE.WDP:DSD_HSL@DF_HSL_CWB(1.1),MEX,2_2,PT_WG_SAL_M_D,_T,_T,_T,HSL_2,2011,10,A,0,2,_Z
OECD.WISE.WDP:DSD_HSL@DF_HSL_CWB(1.1),MEX,2_2,PT_WG_SAL_M_D,_T,_T,_T,HSL_2,2012,13.55555556,A,0,2,_Z
OECD.WISE.WDP:DSD_HSL@DF_HSL_CWB(1.1),MEX,2_2,PT_WG_SAL_M_D,_T,_T,_T,HSL_2,2013,15.43340381,A,0,2,_Z
OECD.WISE.WDP:DSD_HSL@DF_HSL_CWB(1.1),MEX,2_2,PT_WG_SAL_M_D,_T,_T,_T,HSL_2,2014,18.3,A,0,2,_Z
OECD.WISE.WDP:DSD_HSL@DF_HSL_CWB(1.1),MEX,2_2,PT_WG_SAL_M_D,_T,_T,_T,HSL_2,2015,16.66666667,A,0,2,_Z
OECD.WISE.WDP:DSD_HSL@DF_HSL_CWB(1.1),MEX,2_2,PT_WG_SAL_M_D,_T,_T,_T,HSL_2,2016,16.49224806,A,0,2,_Z
OECD.WISE.WDP:DSD_HSL@DF_HSL_CWB(1.1),MEX,2_2,PT_WG_SAL_M_D,_T,_T,_T,HSL_2,2017,11.11111111,A,0,2,_Z
OECD.WISE.WDP:DSD_HSL@DF_HSL_CWB(1.1),MEX,2_2,PT_WG_SAL_M_D,_T,_T,_T,HSL_2,2018,14,A,0,2,_Z
OECD.WISE.WDP:DSD_HSL@DF_HSL_CWB(1.1),MEX,2_2,PT_WG_SAL_M_D,_T,_T,_T,HSL_2,2021,12.5,A,0,2,_Z
OECD.WISE.WDP:DSD_HSL@DF_HSL_CWB(1.1),MEX,2_2,PT_WG_SAL_M_D,_T,_T,_T,HSL_2,2022,16.66666667,A,0,2,_Z
OECD.WISE.WDP:DSD_HSL@DF_HSL_CWB(1.1),MEX,2_2,PT_WG_SAL_M_D,_T,_T,_T,HSL_2,2023,15,A,0,2,_Z
OECD.WISE.WDP:DSD_HSL@DF_HSL_CWB(1.1),MEX,2_2,PT_WG_SAL_M_D,_T,_T,_T,HSL_2,2024,11.40642303,A,0,2,_Z
OECD.WISE.WDP:DSD_HSL@DF_HSL_CWB(1.1),NLD,2_2,PT_WG_SAL_M_D,_T,_T,_T,HSL_2,2010,17.88914703,A,0,2,_Z
OECD.WISE.WDP:DSD_HSL@DF_HSL_CWB(1.1),NLD,2_2,PT_WG_SAL_M_D,_T,_T,_T,HSL_2,2014,15.30483972,A,0,2,_Z
OECD.WISE.WDP:DSD_HSL@DF_HSL_CWB(1.1),NLD,2_2,PT_WG_SAL_M_D,_T,_T,_T,HSL_2,2018,12.65709156,A,0,2,_Z
OECD.WISE.WDP:DSD_HSL@DF_HSL_CWB(1.1),NLD,2_2,PT_WG_SAL_M_D,_T,_T,_T,HSL_2,2022,9.779431305,A,0,2,_Z
OECD.WISE.WDP:DSD_HSL@DF_HSL_CWB(1.1),NLD,2_2,PT_WG_SAL_M_D,_T,_T,_T,HSL_2,2023,6.070011001,A,0,2,_Z
OECD.WISE.WDP:DSD_HSL@DF_HSL_CWB(1.1),NZL,2_2,PT_WG_SAL_M_D,_T,_T,_T,HSL_2,2010,7.011235955,A,0,2,_Z
OECD.WISE.WDP:DSD_HSL@DF_HSL_CWB(1.1),NZL,2_2,PT_WG_SAL_M_D,_T,_T,_T,HSL_2,2011,4.533333333,A,0,2,_Z
OECD.WISE.WDP:DSD_HSL@DF_HSL_CWB(1.1),NZL,2_2,PT_WG_SAL_M_D,_T,_T,_T,HSL_2,2012,5.907906169,A,0,2,_Z
OECD.WISE.WDP:DSD_HSL@DF_HSL_CWB(1.1),NZL,2_2,PT_WG_SAL_M_D,_T,_T,_T,HSL_2,2013,6.594323873,A,0,2,_Z
OECD.WISE.WDP:DSD_HSL@DF_HSL_CWB(1.1),NZL,2_2,PT_WG_SAL_M_D,_T,_T,_T,HSL_2,2014,6.083333333,A,0,2,_Z
OECD.WISE.WDP:DSD_HSL@DF_HSL_CWB(1.1),NZL,2_2,PT_WG_SAL_M_D,_T,_T,_T,HSL_2,2015,7.92,A,0,2,_Z
OECD.WISE.WDP:DSD_HSL@DF_HSL_CWB(1.1),NZL,2_2,PT_WG_SAL_M_D,_T,_T,_T,HSL_2,2016,7.769230769,A,0,2,_Z
OECD.WISE.WDP:DSD_HSL@DF_HSL_CWB(1.1),NZL,2_2,PT_WG_SAL_M_D,_T,_T,_T,HSL_2,2017,7.150837989,A,0,2,_Z
OECD.WISE.WDP:DSD_HSL@DF_HSL_CWB(1.1),NZL,2_2,PT_WG_SAL_M_D,_T,_T,_T,HSL_2,2018,7.869692533,A,0,2,_Z
OECD.WISE.WDP:DSD_HSL@DF_HSL_CWB(1.1),NZL,2_2,PT_WG_SAL_M_D,_T,_T,_T,HSL_2,2019,6.508450198,A,0,2,_Z
OECD.WISE.WDP:DSD_HSL@DF_HSL_CWB(1.1),NZL,2_2,PT_WG_SAL_M_D,_T,_T,_T,HSL_2,2020,4.581467448,A,0,2,_Z
OECD.WISE.WDP:DSD_HSL@DF_HSL_CWB(1.1),NZL,2_2,PT_WG_SAL_M_D,_T,_T,_T,HSL_2,2021,6.666666667,A,0,2,_Z
OECD.WISE.WDP:DSD_HSL@DF_HSL_CWB(1.1),NZL,2_2,PT_WG_SAL_M_D,_T,_T,_T,HSL_2,2022,6.255864873,A,0,2,_Z
OECD.WISE.WDP:DSD_HSL@DF_HSL_CWB(1.1),NZL,2_2,PT_WG_SAL_M_D,_T,_T,_T,HSL_2,2023,4.230317274,A,0,2,_Z
OECD.WISE.WDP:DSD_HSL@DF_HSL_CWB(1.1),NZL,2_2,PT_WG_SAL_M_D,_T,_T,_T,HSL_2,2024,3.01,A,0,2,_Z
OECD.WISE.WDP:DSD_HSL@DF_HSL_CWB(1.1),NOR,2_2,PT_WG_SAL_M_D,_T,_T,_T,HSL_2,2010,7.236095346,A,0,2,_Z
OECD.WISE.WDP:DSD_HSL@DF_HSL_CWB(1.1),NOR,2_2,PT_WG_SAL_M_D,_T,_T,_T,HSL_2,2011,7.144812483,A,0,2,_Z
OECD.WISE.WDP:DSD_HSL@DF_HSL_CWB(1.1),NOR,2_2,PT_WG_SAL_M_D,_T,_T,_T,HSL_2,2012,5.792118487,A,0,2,_Z
OECD.WISE.WDP:DSD_HSL@DF_HSL_CWB(1.1),NOR,2_2,PT_WG_SAL_M_D,_T,_T,_T,HSL_2,2013,6.597045339,A,0,2,_Z
OECD.WISE.WDP:DSD_HSL@DF_HSL_CWB(1.1),NOR,2_2,PT_WG_SAL_M_D,_T,_T,_T,HSL_2,2014,5.8006941,A,0,2,_Z
OECD.WISE.WDP:DSD_HSL@DF_HSL_CWB(1.1),NOR,2_2,PT_WG_SAL_M_D,_T,_T,_T,HSL_2,2015,6.957773513,A,0,2,_Z
OECD.WISE.WDP:DSD_HSL@DF_HSL_CWB(1.1),NOR,2_2,PT_WG_SAL_M_D,_T,_T,_T,HSL_2,2016,6.306306306,A,0,2,_Z
OECD.WISE.WDP:DSD_HSL@DF_HSL_CWB(1.1),NOR,2_2,PT_WG_SAL_M_D,_T,_T,_T,HSL_2,2017,5.49476135,A,0,2,_Z
OECD.WISE.WDP:DSD_HSL@DF_HSL_CWB(1.1),NOR,2_2,PT_WG_SAL_M_D,_T,_T,_T,HSL_2,2018,5.129369042,A,0,2,_Z
OECD.WISE.WDP:DSD_HSL@DF_HSL_CWB(1.1),NOR,2_2,PT_WG_SAL_M_D,_T,_T,_T,HSL_2,2019,4.36786655,A,0,2,_Z
OECD.WISE.WDP:DSD_HSL@DF_HSL_CWB(1.1),NOR,2_2,PT_WG_SAL_M_D,_T,_T,_T,HSL_2,2020,4.813863928,A,0,2,_Z
OECD.WISE.WDP:DSD_HSL@DF_HSL_CWB(1.1),NOR,2_2,PT_WG_SAL_M_D,_T,_T,_T,HSL_2,2021,4.601479047,A,0,2,_Z
OECD.WISE.WDP:DSD_HSL@DF_HSL_CWB(1.1),NOR,2_2,PT_WG_SAL_M_D,_T,_T,_T,HSL_2,2022,4.481459449,A,0,2,_Z
OECD.WISE.WDP:DSD_HSL@DF_HSL_CWB(1.1),NOR,2_2,PT_WG_SAL_M_D,_T,_T,_T,HSL_2,2023,4.520089286,A,0,2,_Z
OECD.WISE.WDP:DSD_HSL@DF_HSL_CWB(1.1),NOR,2_2,PT_WG_SAL_M_D,_T,_T,_T,HSL_2,2024,4.688877137,A,0,2,_Z
OECD.WISE.WDP:DSD_HSL@DF_HSL_CWB(1.1),POL,2_2,PT_WG_SAL_M_D,_T,_T,_T,HSL_2,2010,7.190207044,A,0,2,_Z
OECD.WISE.WDP:DSD_HSL@DF_HSL_CWB(1.1),POL,2_2,PT_WG_SAL_M_D,_T,_T,_T,HSL_2,2012,10.62015527,A,0,2,_Z
OECD.WISE.WDP:DSD_HSL@DF_HSL_CWB(1.1),POL,2_2,PT_WG_SAL_M_D,_T,_T,_T,HSL_2,2014,11.07286288,A,0,2,_Z
OECD.WISE.WDP:DSD_HSL@DF_HSL_CWB(1.1),POL,2_2,PT_WG_SAL_M_D,_T,_T,_T,HSL_2,2016,9.417880936,A,0,2,_Z
OECD.WISE.WDP:DSD_HSL@DF_HSL_CWB(1.1),POL,2_2,PT_WG_SAL_M_D,_T,_T,_T,HSL_2,2018,11.49790995,A,0,2,_Z
OECD.WISE.WDP:DSD_HSL@DF_HSL_CWB(1.1),POL,2_2,PT_WG_SAL_M_D,_T,_T,_T,HSL_2,2020,8.690614137,A,0,2,_Z
OECD.WISE.WDP:DSD_HSL@DF_HSL_CWB(1.1),POL,2_2,PT_WG_SAL_M_D,_T,_T,_T,HSL_2,2022,10.17097458,A,0,2,_Z
OECD.WISE.WDP:DSD_HSL@DF_HSL_CWB(1.1),POL,2_2,PT_WG_SAL_M_D,_T,_T,_T,HSL_2,2023,10.85719122,A,0,2,_Z
OECD.WISE.WDP:DSD_HSL@DF_HSL_CWB(1.1),PRT,2_2,PT_WG_SAL_M_D,_T,_T,_T,HSL_2,2010,16.02094241,A,0,2,_Z
OECD.WISE.WDP:DSD_HSL@DF_HSL_CWB(1.1),PRT,2_2,PT_WG_SAL_M_D,_T,_T,_T,HSL_2,2014,15.3217569,A,0,2,_Z
OECD.WISE.WDP:DSD_HSL@DF_HSL_CWB(1.1),PRT,2_2,PT_WG_SAL_M_D,_T,_T,_T,HSL_2,2018,11.66500499,A,0,2,_Z
OECD.WISE.WDP:DSD_HSL@DF_HSL_CWB(1.1),PRT,2_2,PT_WG_SAL_M_D,_T,_T,_T,HSL_2,2022,9.6069869,A,0,2,_Z
OECD.WISE.WDP:DSD_HSL@DF_HSL_CWB(1.1),PRT,2_2,PT_WG_SAL_M_D,_T,_T,_T,HSL_2,2023,10.05610151,A,0,2,_Z
OECD.WISE.WDP:DSD_HSL@DF_HSL_CWB(1.1),SVK,2_2,PT_WG_SAL_M_D,_T,_T,_T,HSL_2,2010,14.85111765,A,0,2,_Z
OECD.WISE.WDP:DSD_HSL@DF_HSL_CWB(1.1),SVK,2_2,PT_WG_SAL_M_D,_T,_T,_T,HSL_2,2011,15.44985643,A,0,2,_Z
OECD.WISE.WDP:DSD_HSL@DF_HSL_CWB(1.1),SVK,2_2,PT_WG_SAL_M_D,_T,_T,_T,HSL_2,2012,15.96526916,A,0,2,_Z
OECD.WISE.WDP:DSD_HSL@DF_HSL_CWB(1.1),SVK,2_2,PT_WG_SAL_M_D,_T,_T,_T,HSL_2,2013,14.10932976,A,0,2,_Z
OECD.WISE.WDP:DSD_HSL@DF_HSL_CWB(1.1),SVK,2_2,PT_WG_SAL_M_D,_T,_T,_T,HSL_2,2014,14.35004753,A,0,2,_Z
OECD.WISE.WDP:DSD_HSL@DF_HSL_CWB(1.1),SVK,2_2,PT_WG_SAL_M_D,_T,_T,_T,HSL_2,2015,13.37662489,A,0,2,_Z
OECD.WISE.WDP:DSD_HSL@DF_HSL_CWB(1.1),SVK,2_2,PT_WG_SAL_M_D,_T,_T,_T,HSL_2,2016,13.89918214,A,0,2,_Z
OECD.WISE.WDP:DSD_HSL@DF_HSL_CWB(1.1),SVK,2_2,PT_WG_SAL_M_D,_T,_T,_T,HSL_2,2017,15.04004233,A,0,2,_Z
OECD.WISE.WDP:DSD_HSL@DF_HSL_CWB(1.1),SVK,2_2,PT_WG_SAL_M_D,_T,_T,_T,HSL_2,2018,15.66208013,A,0,2,_Z
OECD.WISE.WDP:DSD_HSL@DF_HSL_CWB(1.1),SVK,2_2,PT_WG_SAL_M_D,_T,_T,_T,HSL_2,2019,13.86984995,A,0,2,_Z
OECD.WISE.WDP:DSD_HSL@DF_HSL_CWB(1.1),SVK,2_2,PT_WG_SAL_M_D,_T,_T,_T,HSL_2,2020,11.01446782,A,0,2,_Z
OECD.WISE.WDP:DSD_HSL@DF_HSL_CWB(1.1),SVK,2_2,PT_WG_SAL_M_D,_T,_T,_T,HSL_2,2021,11.70037136,A,0,2,_Z
OECD.WISE.WDP:DSD_HSL@DF_HSL_CWB(1.1),SVK,2_2,PT_WG_SAL_M_D,_T,_T,_T,HSL_2,2022,13.80819465,A,0,2,_Z
OECD.WISE.WDP:DSD_HSL@DF_HSL_CWB(1.1),SVK,2_2,PT_WG_SAL_M_D,_T,_T,_T,HSL_2,2023,11.76040833,A,0,2,_Z
OECD.WISE.WDP:DSD_HSL@DF_HSL_CWB(1.1),SVN,2_2,PT_WG_SAL_M_D,_T,_T,_T,HSL_2,2010,0.991735537,A,0,2,_Z
OECD.WISE.WDP:DSD_HSL@DF_HSL_CWB(1.1),SVN,2_2,PT_WG_SAL_M_D,_T,_T,_T,HSL_2,2014,4.996271439,A,0,2,_Z
OECD.WISE.WDP:DSD_HSL@DF_HSL_CWB(1.1),SVN,2_2,PT_WG_SAL_M_D,_T,_T,_T,HSL_2,2018,8.194536975,A,0,2,_Z
OECD.WISE.WDP:DSD_HSL@DF_HSL_CWB(1.1),SVN,2_2,PT_WG_SAL_M_D,_T,_T,_T,HSL_2,2022,7.920792079,A,0,2,_Z
OECD.WISE.WDP:DSD_HSL@DF_HSL_CWB(1.1),SVN,2_2,PT_WG_SAL_M_D,_T,_T,_T,HSL_2,2023,9.178213831,A,0,2,_Z
OECD.WISE.WDP:DSD_HSL@DF_HSL_CWB(1.1),ESP,2_2,PT_WG_SAL_M_D,_T,_T,_T,HSL_2,2010,13.50446429,A,0,2,_Z
OECD.WISE.WDP:DSD_HSL@DF_HSL_CWB(1.1),ESP,2_2,PT_WG_SAL_M_D,_T,_T,_T,HSL_2,2014,11.54049762,A,0,2,_Z
OECD.WISE.WDP:DSD_HSL@DF_HSL_CWB(1.1),ESP,2_2,PT_WG_SAL_M_D,_T,_T,_T,HSL_2,2018,8.621607238,A,0,2,_Z
OECD.WISE.WDP:DSD_HSL@DF_HSL_CWB(1.1),ESP,2_2,PT_WG_SAL_M_D,_T,_T,_T,HSL_2,2022,5.707317073,A,0,2,_Z
OECD.WISE.WDP:DSD_HSL@DF_HSL_CWB(1.1),ESP,2_2,PT_WG_SAL_M_D,_T,_T,_T,HSL_2,2023,6.200945951,A,0,2,_Z
OECD.WISE.WDP:DSD_HSL@DF_HSL_CWB(1.1),SWE,2_2,PT_WG_SAL_M_D,_T,_T,_T,HSL_2,2010,9.36329588,A,0,2,_Z
OECD.WISE.WDP:DSD_HSL@DF_HSL_CWB(1.1),SWE,2_2,PT_WG_SAL_M_D,_T,_T,_T,HSL_2,2011,9.157509158,A,0,2,_Z
OECD.WISE.WDP:DSD_HSL@DF_HSL_CWB(1.1),SWE,2_2,PT_WG_SAL_M_D,_T,_T,_T,HSL_2,2012,9.285714286,A,0,2,_Z
OECD.WISE.WDP:DSD_HSL@DF_HSL_CWB(1.1),SWE,2_2,PT_WG_SAL_M_D,_T,_T,_T,HSL_2,2013,9.375,A,0,2,_Z
OECD.WISE.WDP:DSD_HSL@DF_HSL_CWB(1.1),SWE,2_2,PT_WG_SAL_M_D,_T,_T,_T,HSL_2,2014,9.152542373,A,0,2,_Z
OECD.WISE.WDP:DSD_HSL@DF_HSL_CWB(1.1),SWE,2_2,PT_WG_SAL_M_D,_T,_T,_T,HSL_2,2015,8.333333333,A,0,2,_Z
OECD.WISE.WDP:DSD_HSL@DF_HSL_CWB(1.1),SWE,2_2,PT_WG_SAL_M_D,_T,_T,_T,HSL_2,2016,8.169934641,A,0,2,_Z
OECD.WISE.WDP:DSD_HSL@DF_HSL_CWB(1.1),SWE,2_2,PT_WG_SAL_M_D,_T,_T,_T,HSL_2,2017,7.348242812,A,0,2,_Z
OECD.WISE.WDP:DSD_HSL@DF_HSL_CWB(1.1),SWE,2_2,PT_WG_SAL_M_D,_T,_T,_T,HSL_2,2018,7.142857143,A,0,2,_Z
OECD.WISE.WDP:DSD_HSL@DF_HSL_CWB(1.1),SWE,2_2,PT_WG_SAL_M_D,_T,_T,_T,HSL_2,2019,7.575757576,A,0,2,_Z
OECD.WISE.WDP:DSD_HSL@DF_HSL_CWB(1.1),SWE,2_2,PT_WG_SAL_M_D,_T,_T,_T,HSL_2,2020,7.418397626,A,0,2,_Z
OECD.WISE.WDP:DSD_HSL@DF_HSL_CWB(1.1),SWE,2_2,PT_WG_SAL_M_D,_T,_T,_T,HSL_2,2021,7.246376812,A,0,2,_Z
OECD.WISE.WDP:DSD_HSL@DF_HSL_CWB(1.1),SWE,2_2,PT_WG_SAL_M_D,_T,_T,_T,HSL_2,2022,7.042253521,A,0,2,_Z
OECD.WISE.WDP:DSD_HSL@DF_HSL_CWB(1.1),SWE,2_2,PT_WG_SAL_M_D,_T,_T,_T,HSL_2,2023,7.297297297,A,0,2,_Z
OECD.WISE.WDP:DSD_HSL@DF_HSL_CWB(1.1),SWE,2_2,PT_WG_SAL_M_D,_T,_T,_T,HSL_2,2024,7.512953368,A,0,2,_Z
OECD.WISE.WDP:DSD_HSL@DF_HSL_CWB(1.1),CHE,2_2,PT_WG_SAL_M_D,_T,_T,_T,HSL_2,2010,20.05359536,A,0,2,_Z
OECD.WISE.WDP:DSD_HSL@DF_HSL_CWB(1.1),CHE,2_2,PT_WG_SAL_M_D,_T,_T,_T,HSL_2,2012,19.34352644,A,0,2,_Z
OECD.WISE.WDP:DSD_HSL@DF_HSL_CWB(1.1),CHE,2_2,PT_WG_SAL_M_D,_T,_T,_T,HSL_2,2014,16.94074284,A,0,2,_Z
OECD.WISE.WDP:DSD_HSL@DF_HSL_CWB(1.1),CHE,2_2,PT_WG_SAL_M_D,_T,_T,_T,HSL_2,2016,14.76237207,A,0,2,_Z
OECD.WISE.WDP:DSD_HSL@DF_HSL_CWB(1.1),CHE,2_2,PT_WG_SAL_M_D,_T,_T,_T,HSL_2,2018,15.09564735,A,0,2,_Z
OECD.WISE.WDP:DSD_HSL@DF_HSL_CWB(1.1),CHE,2_2,PT_WG_SAL_M_D,_T,_T,_T,HSL_2,2020,13.8025469,A,0,2,_Z
OECD.WISE.WDP:DSD_HSL@DF_HSL_CWB(1.1),CHE,2_2,PT_WG_SAL_M_D,_T,_T,_T,HSL_2,2021,15.23792156,A,0,2,_Z
OECD.WISE.WDP:DSD_HSL@DF_HSL_CWB(1.1),CHE,2_2,PT_WG_SAL_M_D,_T,_T,_T,HSL_2,2022,12.06709957,A,0,2,_Z
OECD.WISE.WDP:DSD_HSL@DF_HSL_CWB(1.1),TUR,2_2,PT_WG_SAL_M_D,_T,_T,_T,HSL_2,2010,3.10421286,A,0,2,_Z
OECD.WISE.WDP:DSD_HSL@DF_HSL_CWB(1.1),TUR,2_2,PT_WG_SAL_M_D,_T,_T,_T,HSL_2,2014,6.882591093,A,0,2,_Z
OECD.WISE.WDP:DSD_HSL@DF_HSL_CWB(1.1),TUR,2_2,PT_WG_SAL_M_D,_T,_T,_T,HSL_2,2018,9.980806142,A,0,2,_Z
OECD.WISE.WDP:DSD_HSL@DF_HSL_CWB(1.1),GBR,2_2,PT_WG_SAL_M_D,_T,_T,_T,HSL_2,2010,19.23143692,A,0,2,_Z
OECD.WISE.WDP:DSD_HSL@DF_HSL_CWB(1.1),GBR,2_2,PT_WG_SAL_M_D,_T,_T,_T,HSL_2,2011,18.2460052,A,0,2,_Z
OECD.WISE.WDP:DSD_HSL@DF_HSL_CWB(1.1),GBR,2_2,PT_WG_SAL_M_D,_T,_T,_T,HSL_2,2012,17.78388278,A,0,2,_Z
OECD.WISE.WDP:DSD_HSL@DF_HSL_CWB(1.1),GBR,2_2,PT_WG_SAL_M_D,_T,_T,_T,HSL_2,2013,17.48201439,A,0,2,_Z
OECD.WISE.WDP:DSD_HSL@DF_HSL_CWB(1.1),GBR,2_2,PT_WG_SAL_M_D,_T,_T,_T,HSL_2,2014,17.38274257,A,0,2,_Z
OECD.WISE.WDP:DSD_HSL@DF_HSL_CWB(1.1),GBR,2_2,PT_WG_SAL_M_D,_T,_T,_T,HSL_2,2015,17.10155148,A,0,2,_Z
OECD.WISE.WDP:DSD_HSL@DF_HSL_CWB(1.1),GBR,2_2,PT_WG_SAL_M_D,_T,_T,_T,HSL_2,2016,16.7965368,A,0,2,_Z
OECD.WISE.WDP:DSD_HSL@DF_HSL_CWB(1.1),GBR,2_2,PT_WG_SAL_M_D,_T,_T,_T,HSL_2,2017,16.53410053,A,0,2,_Z
OECD.WISE.WDP:DSD_HSL@DF_HSL_CWB(1.1),GBR,2_2,PT_WG_SAL_M_D,_T,_T,_T,HSL_2,2018,16.3104242,A,0,2,_Z
OECD.WISE.WDP:DSD_HSL@DF_HSL_CWB(1.1),GBR,2_2,PT_WG_SAL_M_D,_T,_T,_T,HSL_2,2019,16.09980928,A,0,2,_Z
OECD.WISE.WDP:DSD_HSL@DF_HSL_CWB(1.1),GBR,2_2,PT_WG_SAL_M_D,_T,_T,_T,HSL_2,2020,11.98380567,A,0,2,_Z
OECD.WISE.WDP:DSD_HSL@DF_HSL_CWB(1.1),GBR,2_2,PT_WG_SAL_M_D,_T,_T,_T,HSL_2,2021,14.16935608,A,0,2,_Z
OECD.WISE.WDP:DSD_HSL@DF_HSL_CWB(1.1),GBR,2_2,PT_WG_SAL_M_D,_T,_T,_T,HSL_2,2022,13.97833724,A,0,2,_Z
OECD.WISE.WDP:DSD_HSL@DF_HSL_CWB(1.1),GBR,2_2,PT_WG_SAL_M_D,_T,_T,_T,HSL_2,2023,13.25517241,A,0,2,_Z
OECD.WISE.WDP:DSD_HSL@DF_HSL_CWB(1.1),GBR,2_2,PT_WG_SAL_M_D,_T,_T,_T,HSL_2,2024,13.13849735,A,0,2,_Z
OECD.WISE.WDP:DSD_HSL@DF_HSL_CWB(1.1),USA,2_2,PT_WG_SAL_M_D,_T,_T,_T,HSL_2,2010,18.81067961,A,0,2,_Z
OECD.WISE.WDP:DSD_HSL@DF_HSL_CWB(1.1),USA,2_2,PT_WG_SAL_M_D,_T,_T,_T,HSL_2,2011,17.78846154,A,0,2,_Z
OECD.WISE.WDP:DSD_HSL@DF_HSL_CWB(1.1),USA,2_2,PT_WG_SAL_M_D,_T,_T,_T,HSL_2,2012,19.08665105,A,0,2,_Z
OECD.WISE.WDP:DSD_HSL@DF_HSL_CWB(1.1),USA,2_2,PT_WG_SAL_M_D,_T,_T,_T,HSL_2,2013,17.90697674,A,0,2,_Z
OECD.WISE.WDP:DSD_HSL@DF_HSL_CWB(1.1),USA,2_2,PT_WG_SAL_M_D,_T,_T,_T,HSL_2,2014,17.45120551,A,0,2,_Z
OECD.WISE.WDP:DSD_HSL@DF_HSL_CWB(1.1),USA,2_2,PT_WG_SAL_M_D,_T,_T,_T,HSL_2,2015,18.88268156,A,0,2,_Z
OECD.WISE.WDP:DSD_HSL@DF_HSL_CWB(1.1),USA,2_2,PT_WG_SAL_M_D,_T,_T,_T,HSL_2,2016,18.1420765,A,0,2,_Z
OECD.WISE.WDP:DSD_HSL@DF_HSL_CWB(1.1),USA,2_2,PT_WG_SAL_M_D,_T,_T,_T,HSL_2,2017,18.17215728,A,0,2,_Z
OECD.WISE.WDP:DSD_HSL@DF_HSL_CWB(1.1),USA,2_2,PT_WG_SAL_M_D,_T,_T,_T,HSL_2,2018,18.91058582,A,0,2,_Z
OECD.WISE.WDP:DSD_HSL@DF_HSL_CWB(1.1),USA,2_2,PT_WG_SAL_M_D,_T,_T,_T,HSL_2,2019,18.47070507,A,0,2,_Z
OECD.WISE.WDP:DSD_HSL@DF_HSL_CWB(1.1),USA,2_2,PT_WG_SAL_M_D,_T,_T,_T,HSL_2,2020,17.65249538,A,0,2,_Z
OECD.WISE.WDP:DSD_HSL@DF_HSL_CWB(1.1),USA,2_2,PT_WG_SAL_M_D,_T,_T,_T,HSL_2,2021,16.86417502,A,0,2,_Z
OECD.WISE.WDP:DSD_HSL@DF_HSL_CWB(1.1),USA,2_2,PT_WG_SAL_M_D,_T,_T,_T,HSL_2,2022,16.98440208,A,0,2,_Z
OECD.WISE.WDP:DSD_HSL@DF_HSL_CWB(1.1),USA,2_2,PT_WG_SAL_M_D,_T,_T,_T,HSL_2,2023,16.38935108,A,0,2,_Z
OECD.WISE.WDP:DSD_HSL@DF_HSL_CWB(1.1),USA,2_2,PT_WG_SAL_M_D,_T,_T,_T,HSL_2,2024,17.28786677,A,0,2,_Z
OECD.WISE.WDP:DSD_HSL@DF_HSL_CWB(1.1),OECD,2_2,PT_WG_SAL_M_D,_T,_T,_T,HSL_2,2010,14.0599345873,A,0,2,_Z
OECD.WISE.WDP:DSD_HSL@DF_HSL_CWB(1.1),OECD,2_2,PT_WG_SAL_M_D,_T,_T,_T,HSL_2,2011,13.8724423055,A,0,2,_Z
OECD.WISE.WDP:DSD_HSL@DF_HSL_CWB(1.1),OECD,2_2,PT_WG_SAL_M_D,_T,_T,_T,HSL_2,2012,13.9879153133,A,0,2,_Z
OECD.WISE.WDP:DSD_HSL@DF_HSL_CWB(1.1),OECD,2_2,PT_WG_SAL_M_D,_T,_T,_T,HSL_2,2013,13.8898222763,A,0,2,_Z
OECD.WISE.WDP:DSD_HSL@DF_HSL_CWB(1.1),OECD,2_2,PT_WG_SAL_M_D,_T,_T,_T,HSL_2,2014,13.7786455238,A,0,2,_Z
OECD.WISE.WDP:DSD_HSL@DF_HSL_CWB(1.1),OECD,2_2,PT_WG_SAL_M_D,_T,_T,_T,HSL_2,2015,13.6128355836,A,0,2,_Z
OECD.WISE.WDP:DSD_HSL@DF_HSL_CWB(1.1),OECD,2_2,PT_WG_SAL_M_D,_T,_T,_T,HSL_2,2016,13.0994503032,A,0,2,_Z
OECD.WISE.WDP:DSD_HSL@DF_HSL_CWB(1.1),OECD,2_2,PT_WG_SAL_M_D,_T,_T,_T,HSL_2,2017,12.5986122185,A,0,2,_Z
OECD.WISE.WDP:DSD_HSL@DF_HSL_CWB(1.1),OECD,2_2,PT_WG_SAL_M_D,_T,_T,_T,HSL_2,2018,12.6081223989,A,0,2,_Z
OECD.WISE.WDP:DSD_HSL@DF_HSL_CWB(1.1),OECD,2_2,PT_WG_SAL_M_D,_T,_T,_T,HSL_2,2019,12.2800638466,A,0,2,_Z
OECD.WISE.WDP:DSD_HSL@DF_HSL_CWB(1.1),OECD,2_2,PT_WG_SAL_M_D,_T,_T,_T,HSL_2,2020,10.9480545549,A,0,2,_Z
OECD.WISE.WDP:DSD_HSL@DF_HSL_CWB(1.1),OECD,2_2,PT_WG_SAL_M_D,_T,_T,_T,HSL_2,2021,11.0559001774,A,0,2,_Z
OECD.WISE.WDP:DSD_HSL@DF_HSL_CWB(1.1),OECD,2_2,PT_WG_SAL_M_D,_T,_T,_T,HSL_2,2022,11.0614972601,A,0,2,_Z
OECD.WISE.WDP:DSD_HSL@DF_HSL_CWB(1.1),OECD,2_2,PT_WG_SAL_M_D,_T,_T,_T,HSL_2,2023,10.9968734464,A,0,2,_Z
OECD.WISE.WDP:DSD_HSL@DF_HSL_CWB(1.1),ARG,2_2,PT_WG_SAL_M_D,_T,_T,_T,HSL_2,2017,7.857142857,A,0,2,_Z
OECD.WISE.WDP:DSD_HSL@DF_HSL_CWB(1.1),ARG,2_2,PT_WG_SAL_M_D,_T,_T,_T,HSL_2,2018,11.11111111,A,0,2,_Z
OECD.WISE.WDP:DSD_HSL@DF_HSL_CWB(1.1),ARG,2_2,PT_WG_SAL_M_D,_T,_T,_T,HSL_2,2019,12,A,0,2,_Z
OECD.WISE.WDP:DSD_HSL@DF_HSL_CWB(1.1),ARG,2_2,PT_WG_SAL_M_D,_T,_T,_T,HSL_2,2020,6.25,A,0,2,_Z
OECD.WISE.WDP:DSD_HSL@DF_HSL_CWB(1.1),ARG,2_2,PT_WG_SAL_M_D,_T,_T,_T,HSL_2,2021,6.25,A,0,2,_Z
OECD.WISE.WDP:DSD_HSL@DF_HSL_CWB(1.1),ARG,2_2,PT_WG_SAL_M_D,_T,_T,_T,HSL_2,2022,6.666666667,A,0,2,_Z
OECD.WISE.WDP:DSD_HSL@DF_HSL_CWB(1.1),ARG,2_2,PT_WG_SAL_M_D,_T,_T,_T,HSL_2,2023,6.25,A,0,2,_Z
OECD.WISE.WDP:DSD_HSL@DF_HSL_CWB(1.1),ARG,2_2,PT_WG_SAL_M_D,_T,_T,_T,HSL_2,2024,9.090909091,A,0,2,_Z
OECD.WISE.WDP:DSD_HSL@DF_HSL_CWB(1.1),BRA,2_2,PT_WG_SAL_M_D,_T,_T,_T,HSL_2,2012,15,A,0,2,_Z
OECD.WISE.WDP:DSD_HSL@DF_HSL_CWB(1.1),BRA,2_2,PT_WG_SAL_M_D,_T,_T,_T,HSL_2,2013,16.36363636,A,0,2,_Z
OECD.WISE.WDP:DSD_HSL@DF_HSL_CWB(1.1),BRA,2_2,PT_WG_SAL_M_D,_T,_T,_T,HSL_2,2014,16.66666667,A,0,2,_Z
OECD.WISE.WDP:DSD_HSL@DF_HSL_CWB(1.1),BRA,2_2,PT_WG_SAL_M_D,_T,_T,_T,HSL_2,2015,15.38461539,A,0,2,_Z
OECD.WISE.WDP:DSD_HSL@DF_HSL_CWB(1.1),BRA,2_2,PT_WG_SAL_M_D,_T,_T,_T,HSL_2,2016,14.28571429,A,0,2,_Z
OECD.WISE.WDP:DSD_HSL@DF_HSL_CWB(1.1),BRA,2_2,PT_WG_SAL_M_D,_T,_T,_T,HSL_2,2017,13.33333333,A,0,2,_Z
OECD.WISE.WDP:DSD_HSL@DF_HSL_CWB(1.1),BRA,2_2,PT_WG_SAL_M_D,_T,_T,_T,HSL_2,2018,10.66666667,A,0,2,_Z
OECD.WISE.WDP:DSD_HSL@DF_HSL_CWB(1.1),BRA,2_2,PT_WG_SAL_M_D,_T,_T,_T,HSL_2,2019,6.666666667,A,0,2,_Z
OECD.WISE.WDP:DSD_HSL@DF_HSL_CWB(1.1),BRA,2_2,PT_WG_SAL_M_D,_T,_T,_T,HSL_2,2020,6.25,A,0,2,_Z
OECD.WISE.WDP:DSD_HSL@DF_HSL_CWB(1.1),BRA,2_2,PT_WG_SAL_M_D,_T,_T,_T,HSL_2,2021,9.090909091,A,0,2,_Z
OECD.WISE.WDP:DSD_HSL@DF_HSL_CWB(1.1),BRA,2_2,PT_WG_SAL_M_D,_T,_T,_T,HSL_2,2022,11.11111111,A,0,2,_Z
OECD.WISE.WDP:DSD_HSL@DF_HSL_CWB(1.1),BRA,2_2,PT_WG_SAL_M_D,_T,_T,_T,HSL_2,2023,10,A,0,2,_Z
OECD.WISE.WDP:DSD_HSL@DF_HSL_CWB(1.1),BGR,2_2,PT_WG_SAL_M_D,_T,_T,_T,HSL_2,2010,6.934306569,A,0,2,_Z
OECD.WISE.WDP:DSD_HSL@DF_HSL_CWB(1.1),BGR,2_2,PT_WG_SAL_M_D,_T,_T,_T,HSL_2,2014,4.0625,A,0,2,_Z
OECD.WISE.WDP:DSD_HSL@DF_HSL_CWB(1.1),BGR,2_2,PT_WG_SAL_M_D,_T,_T,_T,HSL_2,2018,3.03030303,A,0,2,_Z
OECD.WISE.WDP:DSD_HSL@DF_HSL_CWB(1.1),BGR,2_2,PT_WG_SAL_M_D,_T,_T,_T,HSL_2,2022,0.565770863,A,0,2,_Z
OECD.WISE.WDP:DSD_HSL@DF_HSL_CWB(1.1),HRV,2_2,PT_WG_SAL_M_D,_T,_T,_T,HSL_2,2010,3.832335329,A,0,2,_Z
OECD.WISE.WDP:DSD_HSL@DF_HSL_CWB(1.1),HRV,2_2,PT_WG_SAL_M_D,_T,_T,_T,HSL_2,2014,-1.677852349,A,0,2,_Z
OECD.WISE.WDP:DSD_HSL@DF_HSL_CWB(1.1),HRV,2_2,PT_WG_SAL_M_D,_T,_T,_T,HSL_2,2018,7.915057915,A,0,2,_Z
OECD.WISE.WDP:DSD_HSL@DF_HSL_CWB(1.1),HRV,2_2,PT_WG_SAL_M_D,_T,_T,_T,HSL_2,2022,5.096073517,A,0,2,_Z
OECD.WISE.WDP:DSD_HSL@DF_HSL_CWB(1.1),HRV,2_2,PT_WG_SAL_M_D,_T,_T,_T,HSL_2,2023,10.20801187,A,0,2,_Z
OECD.WISE.WDP:DSD_HSL@DF_HSL_CWB(1.1),PER,2_2,PT_WG_SAL_M_D,_T,_T,_T,HSL_2,2010,23.71134021,A,0,2,_Z
OECD.WISE.WDP:DSD_HSL@DF_HSL_CWB(1.1),PER,2_2,PT_WG_SAL_M_D,_T,_T,_T,HSL_2,2011,22.26582747,A,0,2,_Z
OECD.WISE.WDP:DSD_HSL@DF_HSL_CWB(1.1),PER,2_2,PT_WG_SAL_M_D,_T,_T,_T,HSL_2,2012,23.47316679,A,0,2,_Z
OECD.WISE.WDP:DSD_HSL@DF_HSL_CWB(1.1),PER,2_2,PT_WG_SAL_M_D,_T,_T,_T,HSL_2,2013,19.07136381,A,0,2,_Z
OECD.WISE.WDP:DSD_HSL@DF_HSL_CWB(1.1),PER,2_2,PT_WG_SAL_M_D,_T,_T,_T,HSL_2,2014,19.95976346,A,0,2,_Z
OECD.WISE.WDP:DSD_HSL@DF_HSL_CWB(1.1),PER,2_2,PT_WG_SAL_M_D,_T,_T,_T,HSL_2,2015,19.85929768,A,0,2,_Z
OECD.WISE.WDP:DSD_HSL@DF_HSL_CWB(1.1),PER,2_2,PT_WG_SAL_M_D,_T,_T,_T,HSL_2,2016,20.35506433,A,0,2,_Z
OECD.WISE.WDP:DSD_HSL@DF_HSL_CWB(1.1),PER,2_2,PT_WG_SAL_M_D,_T,_T,_T,HSL_2,2017,19.22440206,A,0,2,_Z
OECD.WISE.WDP:DSD_HSL@DF_HSL_CWB(1.1),PER,2_2,PT_WG_SAL_M_D,_T,_T,_T,HSL_2,2018,17.56793654,A,0,2,_Z
OECD.WISE.WDP:DSD_HSL@DF_HSL_CWB(1.1),PER,2_2,PT_WG_SAL_M_D,_T,_T,_T,HSL_2,2020,10.59311981,A,0,2,_Z
OECD.WISE.WDP:DSD_HSL@DF_HSL_CWB(1.1),PER,2_2,PT_WG_SAL_M_D,_T,_T,_T,HSL_2,2021,15.57609352,A,0,2,_Z
OECD.WISE.WDP:DSD_HSL@DF_HSL_CWB(1.1),PER,2_2,PT_WG_SAL_M_D,_T,_T,_T,HSL_2,2022,18.72804068,A,0,2,_Z
OECD.WISE.WDP:DSD_HSL@DF_HSL_CWB(1.1),ROU,2_2,PT_WG_SAL_M_D,_T,_T,_T,HSL_2,2010,9.631728045,A,0,2,_Z
OECD.WISE.WDP:DSD_HSL@DF_HSL_CWB(1.1),ROU,2_2,PT_WG_SAL_M_D,_T,_T,_T,HSL_2,2014,1.546391753,A,0,2,_Z
OECD.WISE.WDP:DSD_HSL@DF_HSL_CWB(1.1),ROU,2_2,PT_WG_SAL_M_D,_T,_T,_T,HSL_2,2018,3.496503497,A,0,2,_Z
OECD.WISE.WDP:DSD_HSL@DF_HSL_CWB(1.1),ROU,2_2,PT_WG_SAL_M_D,_T,_T,_T,HSL_2,2019,5.855397311,A,0,2,_Z
OECD.WISE.WDP:DSD_HSL@DF_HSL_CWB(1.1),ROU,2_2,PT_WG_SAL_M_D,_T,_T,_T,HSL_2,2020,3.304181392,A,0,2,_Z
OECD.WISE.WDP:DSD_HSL@DF_HSL_CWB(1.1),ROU,2_2,PT_WG_SAL_M_D,_T,_T,_T,HSL_2,2021,5.755498755,A,0,2,_Z
OECD.WISE.WDP:DSD_HSL@DF_HSL_CWB(1.1),ROU,2_2,PT_WG_SAL_M_D,_T,_T,_T,HSL_2,2022,13.63602475,A,0,2,_Z
